Ngành hàng,Cate,Brand,Sản phẩm
Gia vị,Các loại sốt khác,ViFon,Các loại sốt khác ViFon
Gia vị,Các loại sốt khác,Barona,Các loại sốt khác Barona
Gia vị,Các loại sốt khác,Cholimex,Các loại sốt khác Cholimex
Gia vị,Các loại sốt khác,Masan Consumer,Tương ớt Chin su
Gia vị,Các loại sốt khác,Masan Consumer,Tương cà Chin su
Gia vị,Các loại sốt khác,Nestle,Các loại sốt khác Maggi
Gia vị,Các loại sốt khác,Trung Thành Food,Các loại sốt khác_Trung Thành
Gia vị,Hạt nêm,Masan Consumer,Hạt nêm Chin su
Gia vị,Hạt nêm,Nestle,Hạt nêm Maggi
Gia vị,Hạt nêm,Unilever,Hạt nêm Knorr
Gia vị,Hạt nêm,Vedan,Hạt nêm Vedan
Gia vị,Hạt nêm,Vissan,Hạt nêm Vissan
Gia vị,Hạt nêm,Ajinomoto,Ajingon
Gia vị,Nước mắm,584 Nha Trang,Nước mắm 584 Nha Trang
Gia vị,Nước mắm,Liên Thành,Nước mắm Liên Thành
Gia vị,Nước mắm,Masan Consumer,Nước mắm Nam Ngư
Gia vị,Nước mắm,Masan Consumer,Nước mắm Chin su
Gia vị,Nước mắm,Nestle,Nước mắm Maggi
Gia vị,Nước mắm,Tường An,Nước mắm Tường An
Gia vị,Nước tương,Nam Dương,Nước tương Nam Dương
Gia vị,Nước tương,Nestle,Nước tương Maggi
Gia vị,Nước tương,Unilever,Nước tương Knorr
Gia vị,Nước tương,Masan Consumer,Nước tương Chin-su
Gia vị,Nước tương,Masan Consumer,Nước tương Tam Thái Tử
Gia vị,Nước tương,Masan Consumer,Nước tương Shiitake
Gia vị,Nước tương,Trung Thành Food,Nước tương Trung Thành
Thực phẩm tiện lợi,Mì,Acecook,Mì Đệ Nhất
Thực phẩm tiện lợi,Mì,Acecook,Mì Hảo Hảo
Thực phẩm tiện lợi,Mì,Masan Consumer,Mì Kokomi
Thực phẩm tiện lợi,Mì,Masan Consumer,Mì Omachi
Thực phẩm tiện lợi,Mì,Masan Consumer,Omachi Trộn
Thực phẩm tiện lợi,Mì,Masan Consumer,Tô ly Omachi
Thực phẩm tiện lợi,Mì,Micoem,Mì Cung Đình
Thực phẩm tiện lợi,Mì,Uniben,Mì 3 miền
Thực phẩm tiện lợi,Ngũ cốc,Masan Consumer,Ngũ cốc B'Fast
Thực phẩm tiện lợi,Ngũ cốc,Masan Consumer,Ngũ cốc Kachi
Thực phẩm tiện lợi,Bữa sáng tiện lợi,Masan Consumer,Bộ 7 bữa sáng Chin-su
Thực phẩm tiện lợi,Phở,ViFon,Phở Vifon
Thực phẩm tiện lợi,Phở,Acecook,Phở Đệ Nhất
Thực phẩm tiện lợi,Phở,Micoem,Phở Cung Đình
Thực phẩm tiện lợi,Phở,Masan Consumer,Phở Kokomi
Thực phẩm tiện lợi,Phở,Masan Consumer,Phở Chin-su
Thực phẩm tiện lợi,Phở,Masan Consumer,Phở Story
Thực phẩm tiện lợi,Khoai Tây Nghiền,Masan Consumer,Khoai tây nghiền Omachi
Đồ uống,Bia,Masan Consumer,Bia Ruby đỏ
Đồ uống,Bia,Masan Consumer,Bia Sư Tử Trắng
Đồ uống,Cà phê,Mac Coffee,Mac Coffee
Đồ uống,Cà phê,Masan Consumer,Vina cafe
Đồ uống,Cà phê,Masan Consumer,Phil café Việt
Đồ uống,Cà phê,Masan Consumer,Phinn café
Đồ uống,Cà phê,Masan Consumer,Wake up Sài Gòn
Đồ uống,Cà phê,Masan Consumer,Wake Up Hương Chồn
Đồ uống,Cà phê,Masan Consumer,Wake Up Đen Đá Việt Nam
Đồ uống,Cà phê,Masan Consumer,Wake Up Nâu Đá Việt Nam
Đồ uống,Cà phê,Nestle,Nescafe
Đồ uống,Cà phê,Trung Nguyên Legend,Cà phê Trung Nguyên
Đồ uống,Các loại nước khác,Pepsi,Các loại nước khác Revive
Đồ uống,Các loại nước khác,Tân Hiệp Phát,Các loại nước khác Number 1 Active Chanh muối
Đồ uống,Các loại nước khác,Masan Consumer,Nước khoáng Quang Hanh Faith vị chanh muối
Đồ uống,Các loại nước khác,Masan Consumer,Nước khoáng chanh muối Lemona
Đồ uống,Nước khoáng,Cocacola,Dasani
Đồ uống,Nước khoáng,Nestle,Lavie
Đồ uống,Nước khoáng,Pepsi,Aquafina
Đồ uống,Nước khoáng,Sapuwa,Sapuwa
Đồ uống,Nước khoáng,Masan Consumer,Nước khoáng Quang Hanh
Đồ uống,Nước khoáng,Masan Consumer,Nước khoáng Suối Mơ
Đồ uống,Nước khoáng,Masan Consumer,Nước khoáng Blizka
Đồ uống,Nước khoáng,Masan Consumer,Nước khoáng Quảng Ninh
Đồ uống,Nước khoáng,Masan Consumer,Nước khoáng Vĩnh hảo
Đồ uống,Nước khoáng,Masan Consumer,Nước khoáng Viviant
Đồ uống,Nước khoáng,Masan Consumer,Nước khoáng Vihawa
Đồ uống,Nước tăng lực,Masan Consumer,Nước tăng lực Wake-up 247
Đồ uống,Nước tăng lực,Masan Consumer,Nước tăng lực Compact
Đồ uống,Nước tăng lực,Masan Consumer,Hổ Vằn
Đồ uống,Nước tăng lực,Masan Consumer,ENERZ
Đồ uống,Nước tăng lực,Pepsi,Nước tăng lực Sting
Đồ uống,Nước tăng lực,Tân Hiệp Phát,Nước tăng lực Number One
Chăm sóc cá nhân & gia đình,Giặt xả,Masan Consumer,Nước giặt xả Chanté
Chăm sóc cá nhân & gia đình,Giặt xả,Masan Consumer,Bột giặt NET
Chăm sóc cá nhân & gia đình,Giặt xả,Masan Consumer,Bột giặt NET CARE
Chăm sóc cá nhân & gia đình,Giặt xả,Masan Consumer,Bột giặt NETCO
Chăm sóc cá nhân & gia đình,Giặt xả,Masan Consumer,Bột giặt Shotz
Chăm sóc cá nhân & gia đình,Giặt xả,Masan Consumer,Bột giặt Joins
Chăm sóc cá nhân & gia đình,Giặt xả,Masan Consumer,Bột giặt Super Net
Chăm sóc cá nhân & gia đình,Giặt xả,Masan Consumer,Nước xả NET soft
Chăm sóc cá nhân & gia đình,Giặt xả,Masan Consumer,Nước giặt xả Sopa
Chăm sóc cá nhân & gia đình,Giặt xả,P&G,Bột giặt Ariel
Chăm sóc cá nhân & gia đình,Giặt xả,P&G,Bột giặt Tide
Chăm sóc cá nhân & gia đình,Giặt xả,P&G,Bột giặt Downy
Chăm sóc cá nhân & gia đình,Giặt xả,Unilever,Bột giặt Omo
Chăm sóc cá nhân & gia đình,Giặt xả,Unilever,Bột giặt Surf
Chăm sóc cá nhân & gia đình,Giặt xả,Unilever,Bột giặt Viso
Chăm sóc cá nhân & gia đình,Nước rửa chén,Masan Consumer,Nước rửa chén homey
Chăm sóc cá nhân & gia đình,Nước rửa chén,Masan Consumer,Nước rửa chén NET
Chăm sóc cá nhân & gia đình,Nước rửa chén,Masan Consumer,Nước rửa chén Sạch
Chăm sóc cá nhân & gia đình,Nước rửa chén,P&G,Nước rửa chén Joy
Chăm sóc cá nhân & gia đình,Nước rửa chén,Unilever,Nước rửa chén Sunlight
Chăm sóc cá nhân & gia đình,Sữa tắm,Masan Consumer,Sữa tắm La'Petal
Chăm sóc cá nhân & gia đình,Nước lau sàn,Masan Consumer,Nước lau sàn NET
